name, detector type, wavelength units, number of def points, central wavelength (nm), pivot wavelength (nm), effective wavelength (nm), Vega mag (mag), Vega flux (flam), Vega flux (Jy), AB mag (mag), AB flux (flam), AB flux (Jy), ST mag (mag), ST flux (flam), ST flux (Jy)
2MASS_H, photon, nm, 58, 1651.37, 1649.49, 1638.6, 24.8622, 1.13533e-10, 1030.4, 23.4947, 4.00054e-10, 3630.78, 21.1, 3.63078e-09, 32952
2MASS_J, photon, nm, 109, 1240.84, 1239.08, 1228.26, 23.7673, 3.11218e-10, 1593.83, 22.8734, 7.08962e-10, 3630.78, 21.1, 3.63078e-09, 18594.2
2MASS_Ks, photon, nm, 78, 2165.59, 2163.82, 2152.14, 25.9216, 4.27902e-11, 668.29, 24.0841, 2.32477e-10, 3630.78, 21.1, 3.63078e-09, 56704.9
CFHT_CFH12K_CFH7406, photon, nm, 268, 488.866, 488.851, 489.133, 20.9145, 4.30712e-09, 3433.36, 20.8538, 4.55478e-09, 3630.78, 21.1, 3.63078e-09, 2894.23
CFHT_CFH12K_CFH7504, photon, nm, 273, 503.776, 503.759, 503.697, 20.8335, 4.64102e-09, 3928.61, 20.9191, 4.28918e-09, 3630.78, 21.1, 3.63078e-09, 3073.45
CFHT_MEGAPRIME_CFH7605, photon, nm, 305, 658.413, 658.408, 658.622, 21.8725, 1.78245e-09, 2577.42, 21.5004, 2.51091e-09, 3630.78, 21.1, 3.63078e-09, 5250.12
CFHT_MEGAPRIME_CFH7701, photon, nm, 429, 777.776, 777.755, 777.643, 22.2696, 1.23636e-09, 2494.65, 21.8622, 1.79943e-09, 3630.78, 21.1, 3.63078e-09, 7325.96
CFHT_MEGAPRIME_CFH7803, photon, nm, 428, 812.054, 812.036, 811.933, 22.4156, 1.08081e-09, 2377.27, 21.9558, 1.65071e-09, 3630.78, 21.1, 3.63078e-09, 7986
CFHT_MEGAPRIME_CFH9301, photon, nm, 128, 375.15, 374.353, 383.226, 20.7472, 5.02483e-09, 2348.9, 20.2744, 7.76707e-09, 3630.78, 21.1, 3.63078e-09, 1697.24
CFHT_MEGAPRIME_CFH9401, photon, nm, 237, 485.716, 483.761, 475.886, 20.7358, 5.07803e-09, 3964.02, 20.8311, 4.65114e-09, 3630.78, 21.1, 3.63078e-09, 2834.27
CFHT_MEGAPRIME_CFH9601, photon, nm, 272, 627.33, 626.216, 620.398, 21.5496, 2.39982e-09, 3139.1, 21.3916, 2.7757e-09, 3630.78, 21.1, 3.63078e-09, 4749.27
CFHT_MEGAPRIME_CFH9701, photon, nm, 288, 776.146, 774.853, 768.013, 22.2507, 1.25813e-09, 2519.68, 21.854, 1.81293e-09, 3630.78, 21.1, 3.63078e-09, 7271.4
CFHT_MEGAPRIME_CFH9702, photon, nm, 40, 755.246, 753.844, 746.731, 22.1563, 1.37238e-09, 2601.45, 21.7944, 1.91539e-09, 3630.78, 21.1, 3.63078e-09, 6882.44
CFHT_MEGAPRIME_CFH9801, photon, nm, 293, 1014, 1008.11, 980.608, 23.0324, 6.12416e-10, 2076.06, 22.4255, 1.07104e-09, 3630.78, 21.1, 3.63078e-09, 12308.2
CFHT_WIRCAM_CFH8002, photon, nm, 875, 1025.88, 1025.3, 1022.12, 23.0678, 5.92789e-10, 2078.66, 22.4622, 1.03542e-09, 3630.78, 21.1, 3.63078e-09, 12731.6
CFHT_WIRCAM_CFH8101, photon, nm, 1077, 1254.46, 1253.6, 1248.15, 23.8182, 2.96968e-10, 1556.7, 22.8987, 6.92637e-10, 3630.78, 21.1, 3.63078e-09, 19032.4
CFHT_WIRCAM_CFH8102, photon, nm, 512, 1189.23, 1189.22, 1189.18, 23.6131, 3.58734e-10, 1692.3, 22.7843, 7.69653e-10, 3630.78, 21.1, 3.63078e-09, 17127.9
CFHT_WIRCAM_CFH8103, photon, nm, 1070, 1253.98, 1253.14, 1247.79, 23.817, 2.97294e-10, 1557.26, 22.8979, 6.93146e-10, 3630.78, 21.1, 3.63078e-09, 19018.5
CFHT_WIRCAM_CFH8104, photon, nm, 467, 1062.88, 1062.87, 1062.84, 23.1881, 5.306e-10, 1999.43, 22.5403, 9.6352e-10, 3630.78, 21.1, 3.63078e-09, 13681.7
CFHT_WIRCAM_CFH8201, photon, nm, 828, 1630.95, 1628.74, 1615.76, 24.8128, 1.18814e-10, 1051.35, 23.4672, 4.10317e-10, 3630.78, 21.1, 3.63078e-09, 32127.8
CFHT_WIRCAM_CFH8202, photon, nm, 828, 1636.87, 1634.68, 1621.87, 24.8265, 1.17323e-10, 1045.75, 23.4751, 4.07339e-10, 3630.78, 21.1, 3.63078e-09, 32362.6
CFHT_WIRCAM_CFH8203, photon, nm, 850, 1691.9, 1691.59, 1689.66, 24.9622, 1.03546e-10, 988.325, 23.5494, 3.80393e-10, 3630.78, 21.1, 3.63078e-09, 34655.1
CFHT_WIRCAM_CFH8204, photon, nm, 795, 1589.21, 1588.92, 1587.28, 24.7329, 1.27889e-10, 1077, 23.4135, 4.31138e-10, 3630.78, 21.1, 3.63078e-09, 30576.2
CFHT_WIRCAM_CFH8301, photon, nm, 912, 2151.86, 2149.72, 2135.76, 25.8931, 4.39318e-11, 677.206, 24.0699, 2.35536e-10, 3630.78, 21.1, 3.63078e-09, 55968.3
CFHT_WIRCAM_CFH8302, photon, nm, 910, 2149.74, 2147.63, 2133.77, 25.8891, 4.40912e-11, 678.343, 24.0677, 2.35995e-10, 3630.78, 21.1, 3.63078e-09, 55859.5
CFHT_WIRCAM_CFH8303, photon, nm, 656, 2224.57, 2224.54, 2224.36, 26.0351, 3.85431e-11, 636.218, 24.1442, 2.19958e-10, 3630.78, 21.1, 3.63078e-09, 59932.2
CFHT_WIRCAM_CFH8304, photon, nm, 601, 2130.02, 2130, 2129.61, 25.8592, 4.53244e-11, 685.914, 24.0498, 2.39918e-10, 3630.78, 21.1, 3.63078e-09, 54946.1
CFHT_WIRCAM_CFH8305, photon, nm, 286, 2171.99, 2171.96, 2171.99, 25.9814, 4.04997e-11, 637.288, 24.0922, 2.30737e-10, 3630.78, 21.1, 3.63078e-09, 57132.5
GALEX_FUV, photon, nm, 14, 153.986, 153.64, 154.388, 20.466, 6.51019e-09, 512.606, 18.3405, 4.61115e-08, 3630.78, 21.1, 3.63078e-09, 285.884
GALEX_NUV, photon, nm, 23, 231.389, 229.925, 227.261, 20.8781, 4.45418e-09, 785.448, 19.2159, 2.05897e-08, 3630.78, 21.1, 3.63078e-09, 640.25
GROUND_BESSELL_H, energy, nm, 20, 1647.09, 1640.28, 1631.5, 24.8392, 1.15958e-10, 1040.68, 23.4825, 4.04561e-10, 3630.78, 21.1, 3.63078e-09, 32584.9
GROUND_BESSELL_J, energy, nm, 21, 1236.99, 1230.32, 1221.19, 23.7416, 3.18678e-10, 1609.04, 22.858, 7.19096e-10, 3630.78, 21.1, 3.63078e-09, 18332.1
GROUND_BESSELL_K, energy, nm, 25, 2212.21, 2202.75, 2188.73, 25.9893, 4.02052e-11, 650.714, 24.1228, 2.24332e-10, 3630.78, 21.1, 3.63078e-09, 58763.5
GROUND_COUSINS_I, energy, nm, 10000, 790.036, 787.262, 784.177, 22.3067, 1.19485e-09, 2470.19, 21.8885, 1.75623e-09, 3630.78, 21.1, 3.63078e-09, 7506.17
GROUND_COUSINS_R, energy, nm, 10000, 655.537, 647.115, 638.995, 21.6464, 2.19497e-09, 3065.99, 21.4629, 2.59931e-09, 3630.78, 21.1, 3.63078e-09, 5071.57
GROUND_JOHNSON_B, energy, nm, 901, 434.753, 429.67, 431.631, 20.5122, 6.23928e-09, 3842.24, 20.5736, 5.8959e-09, 3630.78, 21.1, 3.63078e-09, 2235.89
GROUND_JOHNSON_U, energy, nm, 10000, 365.196, 363.469, 370.928, 20.9462, 4.18339e-09, 1843.49, 20.2103, 8.23923e-09, 3630.78, 21.1, 3.63078e-09, 1599.98
GROUND_JOHNSON_V, energy, nm, 10000, 550.467, 546.985, 543.869, 21.0991, 3.63376e-09, 3626.5, 21.0978, 3.63806e-09, 3630.78, 21.1, 3.63078e-09, 3623.52
GaiaDR2_BP, photon, nm, 1701, 513.111, 505.152, 489.209, 20.9817, 4.0486e-09, 3446.1, 20.9251, 4.26557e-09, 3630.78, 21.1, 3.63078e-09, 3090.46
GaiaDR2_G, photon, nm, 2921, 640.621, 623.159, 555.817, 21.5101, 2.4886e-09, 3223.53, 21.3809, 2.803e-09, 3630.78, 21.1, 3.63078e-09, 4703.03
GaiaDR2_RP, photon, nm, 1881, 777.732, 772.597, 749.982, 22.2198, 1.29446e-09, 2577.35, 21.8477, 1.82354e-09, 3630.78, 21.1, 3.63078e-09, 7229.12
GaiaDR2_weiler_BPbright, photon, nm, 3093, 516.469, 509.18, 491.287, 20.974, 4.07744e-09, 3526.22, 20.9423, 4.19835e-09, 3630.78, 21.1, 3.63078e-09, 3139.94
GaiaDR2_weiler_BPfaint, photon, nm, 3093, 511.777, 503.849, 485.197, 20.96, 4.1303e-09, 3497.54, 20.9195, 4.28765e-09, 3630.78, 21.1, 3.63078e-09, 3074.54
GaiaDR2_weiler_G, photon, nm, 3093, 639.736, 622.878, 555.06, 21.4991, 2.51396e-09, 3253.44, 21.38, 2.80553e-09, 3630.78, 21.1, 3.63078e-09, 4698.78
GaiaDR2_weiler_RP, photon, nm, 3093, 783.046, 777.495, 752.32, 22.2366, 1.27456e-09, 2570.01, 21.8614, 1.80063e-09, 3630.78, 21.1, 3.63078e-09, 7321.07
GaiaDR2v2_BP, photon, nm, 3201, 512.897, 504.862, 489.533, 20.9854, 4.03511e-09, 3430.68, 20.9238, 4.27046e-09, 3630.78, 21.1, 3.63078e-09, 3086.92
GaiaDR2v2_G, photon, nm, 3201, 642.493, 624.676, 554.564, 21.5074, 2.49477e-09, 3247.29, 21.3862, 2.7894e-09, 3630.78, 21.1, 3.63078e-09, 4725.96
GaiaDR2v2_RP, photon, nm, 3201, 779.919, 774.087, 748.14, 22.2205, 1.29359e-09, 2585.57, 21.8519, 1.81652e-09, 3630.78, 21.1, 3.63078e-09, 7257.04
Gaia_BP, photon, nm, 99, 520.126, 513.385, 493.854, 20.9723, 4.0839e-09, 3590.38, 20.9602, 4.12985e-09, 3630.78, 21.1, 3.63078e-09, 3192.02
Gaia_G, photon, nm, 116, 641.86, 625.621, 559.216, 21.5076, 2.4943e-09, 3256.49, 21.3895, 2.78098e-09, 3630.78, 21.1, 3.63078e-09, 4740.25
Gaia_MAW_BP_bright, photon, nm, 3201, 518.864, 511.715, 492.384, 20.9752, 4.07296e-09, 3557.51, 20.9531, 4.15685e-09, 3630.78, 21.1, 3.63078e-09, 3171.29
Gaia_MAW_BP_faint, photon, nm, 3201, 511.655, 503.74, 485.595, 20.9627, 4.12031e-09, 3487.57, 20.919, 4.2895e-09, 3630.78, 21.1, 3.63078e-09, 3073.21
Gaia_MAW_G, photon, nm, 3201, 639.774, 622.936, 556.321, 21.5054, 2.49943e-09, 3235.25, 21.3802, 2.80501e-09, 3630.78, 21.1, 3.63078e-09, 4699.66
Gaia_MAW_RP, photon, nm, 3201, 781.13, 775.207, 748.924, 22.2244, 1.28897e-09, 2583.79, 21.855, 1.81128e-09, 3630.78, 21.1, 3.63078e-09, 7278.04
Gaia_RP, photon, nm, 88, 788.915, 783.598, 760.127, 22.2633, 1.24359e-09, 2547.08, 21.8784, 1.7727e-09, 3630.78, 21.1, 3.63078e-09, 7436.45
Gaia_rvs, photon, nm, 61, 860.375, 860.334, 859.988, 22.6228, 8.93083e-10, 2204.98, 22.0813, 1.47057e-09, 3630.78, 21.1, 3.63078e-09, 8964.24
HERSCHEL_PACS_BLUE, photon, nm, 405, 71933.4, 71541.5, 68924.7, 40.8229, 4.68622e-17, 0.800052, 31.6807, 2.12669e-13, 3630.78, 21.1, 3.63078e-09, 6.19862e+07
HERSCHEL_PACS_GREEN, photon, nm, 326, 102617, 102007, 97903.5, 42.3682, 1.12911e-17, 0.391903, 32.4511, 1.04606e-13, 3630.78, 21.1, 3.63078e-09, 1.26021e+08
HERSCHEL_PACS_RED, photon, nm, 235, 167135, 165356, 153944, 44.4414, 1.6728e-18, 0.152568, 33.5001, 3.98089e-14, 3630.78, 21.1, 3.63078e-09, 3.31147e+08
HERSCHEL_SPIRE_PLW, photon, nm, 195, 511604, 507844, nan, inf, 0, 0, 35.9366, 4.22047e-15, 3630.78, 21.1, 3.63078e-09, 3.12348e+09
HERSCHEL_SPIRE_PLW_EXT, photon, nm, 187, 526602, 522854, nan, inf, 0, 0, 35.9998, 3.98162e-15, 3630.78, 21.1, 3.63078e-09, 3.31085e+09
HERSCHEL_SPIRE_PMW, photon, nm, 223, 352832, 351368, 294557, 47.0696, 1.48651e-19, 0.0612168, 35.1368, 8.8165e-15, 3630.78, 21.1, 3.63078e-09, 1.49522e+09
HERSCHEL_SPIRE_PSW, photon, nm, 303, 251500, 250429, 242803, 46.3131, 2.98368e-19, 0.0624168, 34.4014, 1.73561e-14, 3630.78, 21.1, 3.63078e-09, 7.59537e+08
HERSCHEL_SPIRE_PSW_EXT, photon, nm, 312, 255646, 254621, 247095, 46.3873, 2.78663e-19, 0.0602625, 34.4374, 1.67893e-14, 3630.78, 21.1, 3.63078e-09, 7.85178e+08
HST_ACS_HRC_F220W, photon, nm, 10000, 226.429, 225.53, 223.898, 20.8528, 4.55932e-09, 773.551, 19.174, 2.13999e-08, 3630.78, 21.1, 3.63078e-09, 616.012
HST_ACS_HRC_F250W, photon, nm, 10000, 272.711, 271.582, 271.599, 21.0689, 3.73624e-09, 919.213, 19.5775, 1.47577e-08, 3630.78, 21.1, 3.63078e-09, 893.268
HST_ACS_HRC_F330W, photon, nm, 10000, 336.719, 336.271, 335.915, 21.2185, 3.25527e-09, 1227.85, 20.0414, 9.62591e-09, 3630.78, 21.1, 3.63078e-09, 1369.49
HST_ACS_HRC_F344N, photon, nm, 10000, 343.365, 343.357, 343.353, 21.2328, 3.21291e-09, 1263.49, 20.0867, 9.23268e-09, 3630.78, 21.1, 3.63078e-09, 1427.82
HST_ACS_HRC_F435W, photon, nm, 10000, 432.199, 431.101, 431.215, 20.4873, 6.38376e-09, 3957.42, 20.5808, 5.85684e-09, 3630.78, 21.1, 3.63078e-09, 2250.8
HST_ACS_HRC_F475W, photon, nm, 10000, 479.401, 477.575, 470.28, 20.7038, 5.22989e-09, 3978.83, 20.8032, 4.7724e-09, 3630.78, 21.1, 3.63078e-09, 2762.25
HST_ACS_HRC_F502N, photon, nm, 10000, 502.298, 502.286, 502.265, 20.8236, 4.68334e-09, 3941.28, 20.9127, 4.31437e-09, 3630.78, 21.1, 3.63078e-09, 3055.5
HST_ACS_HRC_F550M, photon, nm, 10000, 558.231, 557.984, 556.838, 21.1651, 3.41939e-09, 3551.16, 21.1411, 3.49605e-09, 3630.78, 21.1, 3.63078e-09, 3770.7
HST_ACS_HRC_F555W, photon, nm, 10000, 536.8, 535.596, 530.372, 21.0422, 3.82923e-09, 3664.08, 21.0521, 3.79442e-09, 3630.78, 21.1, 3.63078e-09, 3474.2
HST_ACS_HRC_F606W, photon, nm, 10000, 592.613, 588.796, 570.496, 21.337, 2.9187e-09, 3375.19, 21.2578, 3.13972e-09, 3630.78, 21.1, 3.63078e-09, 4198.65
HST_ACS_HRC_F625W, photon, nm, 10000, 630.924, 629.553, 622.307, 21.5633, 2.36969e-09, 3132.82, 21.4031, 2.74635e-09, 3630.78, 21.1, 3.63078e-09, 4800.03
HST_ACS_HRC_F658N, photon, nm, 10000, 658.378, 658.356, 658.537, 21.8768, 1.77533e-09, 2566.73, 21.5003, 2.5113e-09, 3630.78, 21.1, 3.63078e-09, 5249.3
HST_ACS_HRC_F660N, photon, nm, 10000, 659.925, 659.905, 659.955, 21.7842, 1.93341e-09, 2808.45, 21.5054, 2.49953e-09, 3630.78, 21.1, 3.63078e-09, 5274.03
HST_ACS_HRC_F775W, photon, nm, 10000, 767.747, 766.51, 760.081, 22.2139, 1.30146e-09, 2550.62, 21.8305, 1.85262e-09, 3630.78, 21.1, 3.63078e-09, 7115.65
HST_ACS_HRC_F814W, photon, nm, 10000, 814.693, 811.533, 797.426, 22.3799, 1.11694e-09, 2453.7, 21.9545, 1.65275e-09, 3630.78, 21.1, 3.63078e-09, 7976.12
HST_ACS_HRC_F850LP, photon, nm, 10000, 916.158, 914.524, 908.776, 22.7354, 8.05089e-10, 2246.02, 22.2139, 1.30146e-09, 3630.78, 21.1, 3.63078e-09, 10129.1
HST_ACS_HRC_F892N, photon, nm, 10000, 891.665, 891.651, 891.834, 22.6464, 8.73864e-10, 2317.46, 22.1589, 1.36909e-09, 3630.78, 21.1, 3.63078e-09, 9628.73
HST_ACS_WFC_F435W, photon, nm, 10000, 432.729, 431.741, 431.363, 20.4754, 6.45436e-09, 4013.1, 20.5841, 5.83947e-09, 3630.78, 21.1, 3.63078e-09, 2257.49
HST_ACS_WFC_F475W, photon, nm, 10000, 476.304, 474.436, 467.06, 20.6853, 5.31981e-09, 3994.21, 20.7888, 4.83576e-09, 3630.78, 21.1, 3.63078e-09, 2726.06
HST_ACS_WFC_F502N, photon, nm, 10000, 502.305, 502.297, 502.27, 20.8236, 4.68349e-09, 3941.58, 20.9128, 4.31419e-09, 3630.78, 21.1, 3.63078e-09, 3055.63
HST_ACS_WFC_F550M, photon, nm, 10000, 558.366, 558.124, 556.98, 21.1659, 3.41704e-09, 3550.5, 21.1416, 3.4943e-09, 3630.78, 21.1, 3.63078e-09, 3772.59
HST_ACS_WFC_F555W, photon, nm, 10000, 537.178, 535.957, 530.647, 21.0443, 3.82181e-09, 3661.92, 21.0536, 3.78932e-09, 3630.78, 21.1, 3.63078e-09, 3478.88
HST_ACS_WFC_F606W, photon, nm, 10000, 595.627, 591.768, 573.102, 21.3532, 2.8755e-09, 3358.89, 21.2687, 3.10826e-09, 3630.78, 21.1, 3.63078e-09, 4241.14
HST_ACS_WFC_F625W, photon, nm, 10000, 632.413, 631.046, 623.804, 21.5713, 2.35214e-09, 3124.39, 21.4083, 2.73337e-09, 3630.78, 21.1, 3.63078e-09, 4822.83
HST_ACS_WFC_F658N, photon, nm, 10000, 658.4, 658.391, 658.583, 21.8767, 1.77548e-09, 2567.22, 21.5004, 2.51104e-09, 3630.78, 21.1, 3.63078e-09, 5249.85
HST_ACS_WFC_F660N, photon, nm, 10000, 659.945, 659.94, 659.973, 21.7841, 1.93354e-09, 2808.94, 21.5055, 2.49926e-09, 3630.78, 21.1, 3.63078e-09, 5274.59
HST_ACS_WFC_F775W, photon, nm, 10000, 770.544, 769.303, 762.812, 22.2263, 1.28672e-09, 2540.13, 21.8384, 1.83919e-09, 3630.78, 21.1, 3.63078e-09, 7167.6
HST_ACS_WFC_F814W, photon, nm, 10000, 808.737, 805.977, 793.471, 22.3632, 1.13432e-09, 2457.88, 21.9396, 1.67562e-09, 3630.78, 21.1, 3.63078e-09, 7867.28
HST_ACS_WFC_F850LP, photon, nm, 10000, 907.157, 905.48, 899.707, 22.7129, 8.21947e-10, 2247.92, 22.1923, 1.32759e-09, 3630.78, 21.1, 3.63078e-09, 9929.71
HST_ACS_WFC_F892N, photon, nm, 10000, 891.509, 891.487, 891.586, 22.6474, 8.73051e-10, 2314.46, 22.1585, 1.36959e-09, 3630.78, 21.1, 3.63078e-09, 9625.19
HST_NIC2_F110W, photon, nm, 999, 1138.79, 1126.38, 1059.82, 23.398, 4.37317e-10, 1850.73, 22.6664, 8.57931e-10, 3630.78, 21.1, 3.63078e-09, 15365.5
HST_NIC2_F160W, photon, nm, 999, 1612.02, 1607.76, 1582.2, 24.7534, 1.25493e-10, 1082.04, 23.4391, 4.21093e-10, 3630.78, 21.1, 3.63078e-09, 31305.6
HST_NIC2_F205W, photon, nm, 1800, 2040.41, 2032.36, 1982.47, 25.6535, 5.47748e-11, 754.676, 23.948, 2.63524e-10, 3630.78, 21.1, 3.63078e-09, 50024.2
HST_NIC3_F108N, photon, nm, 1004, 1079.96, 1079.94, 1079.83, 23.2522, 5.00194e-10, 1945.9, 22.575, 9.33293e-10, 3630.78, 21.1, 3.63078e-09, 14124.8
HST_NIC3_F110W, photon, nm, 2001, 1103.19, 1089.84, 1023.06, 23.285, 4.85279e-10, 1922.62, 22.5948, 9.16429e-10, 3630.78, 21.1, 3.63078e-09, 14384.7
HST_NIC3_F113N, photon, nm, 1004, 1128.37, 1128.36, 1128.3, 23.4172, 4.29669e-10, 1824.78, 22.6702, 8.54916e-10, 3630.78, 21.1, 3.63078e-09, 15419.7
HST_NIC3_F150W, photon, nm, 2402, 1506.66, 1488.44, 1381.81, 24.4045, 1.73067e-10, 1278.96, 23.2716, 4.91312e-10, 3630.78, 21.1, 3.63078e-09, 26831.4
HST_NIC3_F160W, photon, nm, 1606, 1594.71, 1590.45, 1565.28, 24.7127, 1.30293e-10, 1099.37, 23.4156, 4.30308e-10, 3630.78, 21.1, 3.63078e-09, 30635.2
HST_NIC3_F164N, photon, nm, 1004, 1645.99, 1645.98, 1646.17, 24.8875, 1.10918e-10, 1002.37, 23.4901, 4.01766e-10, 3630.78, 21.1, 3.63078e-09, 32811.6
HST_NIC3_F166N, photon, nm, 504, 1658.23, 1658.22, 1658.18, 24.8542, 1.14377e-10, 1049.07, 23.5062, 3.95853e-10, 3630.78, 21.1, 3.63078e-09, 33301.6
HST_NIC3_F175W, photon, nm, 3002, 1750.74, 1721.4, 1552.86, 24.9358, 1.06092e-10, 1048.64, 23.5874, 3.67332e-10, 3630.78, 21.1, 3.63078e-09, 35887.3
HST_NIC3_F187N, photon, nm, 754, 1874.81, 1874.79, 1874.66, 25.41, 6.85472e-11, 803.666, 23.7727, 3.09681e-10, 3630.78, 21.1, 3.63078e-09, 42568.3
HST_NIC3_F190N, photon, nm, 504, 1900.34, 1900.33, 1900.25, 25.397, 6.9376e-11, 835.696, 23.8021, 3.01413e-10, 3630.78, 21.1, 3.63078e-09, 43736
HST_NIC3_F196N, photon, nm, 1004, 1963.86, 1963.84, 1963.86, 25.5341, 6.11438e-11, 786.583, 23.8735, 2.82233e-10, 3630.78, 21.1, 3.63078e-09, 46708.1
HST_NIC3_F200N, photon, nm, 1004, 1997.39, 1997.37, 1997.31, 25.5962, 5.77473e-11, 768.474, 23.9102, 2.72837e-10, 3630.78, 21.1, 3.63078e-09, 48316.7
HST_NIC3_F205M, photon, nm, 1802, 2048.44, 2043.07, 2009.99, 25.6843, 5.32472e-11, 741.382, 23.9594, 2.60768e-10, 3630.78, 21.1, 3.63078e-09, 50552.8
HST_NIC3_F212N, photon, nm, 1004, 2121.32, 2121.3, 2121.28, 25.8426, 4.60205e-11, 690.774, 24.041, 2.41889e-10, 3630.78, 21.1, 3.63078e-09, 54498.5
HST_NIC3_F215N, photon, nm, 1004, 2148.7, 2148.69, 2148.53, 25.9023, 4.35577e-11, 670.795, 24.0688, 2.35762e-10, 3630.78, 21.1, 3.63078e-09, 55914.6
HST_NIC3_F222M, photon, nm, 1754, 2216.41, 2215.83, 2212.43, 26.0273, 3.88225e-11, 635.821, 24.1356, 2.21691e-10, 3630.78, 21.1, 3.63078e-09, 59463.6
HST_NIC3_F240M, photon, nm, 802, 2397.67, 2396.91, 2391.9, 26.3367, 2.91953e-11, 559.494, 24.3062, 1.8946e-10, 3630.78, 21.1, 3.63078e-09, 69579.6
HST_WFC3_F098M, photon, nm, 270, 984.831, 983.513, 977.244, 22.9303, 6.72801e-10, 2170.83, 22.3718, 1.12528e-09, 3630.78, 21.1, 3.63078e-09, 11714.9
HST_WFC3_F105W, photon, nm, 210, 1093.21, 1080.44, 1035.03, 23.2287, 5.11121e-10, 1990.23, 22.5759, 9.32441e-10, 3630.78, 21.1, 3.63078e-09, 14137.7
HST_WFC3_F110W, photon, nm, 872, 1167.24, 1154.97, 1093.71, 23.4727, 4.08226e-10, 1816.44, 22.7208, 8.15982e-10, 3630.78, 21.1, 3.63078e-09, 16155.5
HST_WFC3_F125W, photon, nm, 1050, 1249.27, 1246.21, 1227.92, 23.7835, 3.06614e-10, 1588.37, 22.8859, 7.00875e-10, 3630.78, 21.1, 3.63078e-09, 18808.7
HST_WFC3_F126N, photon, nm, 313, 1748.01, 1712.32, 1466.61, 24.8742, 1.12286e-10, 1098.19, 23.5759, 3.71235e-10, 3630.78, 21.1, 3.63078e-09, 35510
HST_WFC3_F127M, photon, nm, 218, 1586.27, 1551.94, 1378.85, 24.5252, 1.54858e-10, 1244.12, 23.3623, 4.51931e-10, 3630.78, 21.1, 3.63078e-09, 29169.4
HST_WFC3_F128N, photon, nm, 353, 1747.04, 1714.22, 1497.42, 24.9329, 1.06376e-10, 1042.69, 23.5783, 3.70416e-10, 3630.78, 21.1, 3.63078e-09, 35588.6
HST_WFC3_F130N, photon, nm, 207, 1710.25, 1676.11, 1477.23, 24.8031, 1.19885e-10, 1123.44, 23.5295, 3.87451e-10, 3630.78, 21.1, 3.63078e-09, 34023.8
HST_WFC3_F132N, photon, nm, 294, 1649.44, 1617.02, 1445.75, 24.6724, 1.35223e-10, 1179.39, 23.4515, 4.16286e-10, 3630.78, 21.1, 3.63078e-09, 31667.1
HST_WFC3_F139M, photon, nm, 299, 1396.96, 1393.52, 1372.16, 24.2089, 2.07231e-10, 1342.34, 23.1285, 5.60524e-10, 3630.78, 21.1, 3.63078e-09, 23518.3
HST_WFC3_F140W, photon, nm, 261, 1397.12, 1392.37, 1363.84, 24.2028, 2.08396e-10, 1347.66, 23.1267, 5.61447e-10, 3630.78, 21.1, 3.63078e-09, 23479.6
HST_WFC3_F153M, photon, nm, 341, 1612.44, 1601.13, 1515.23, 24.7204, 1.29368e-10, 1106.27, 23.4301, 4.24586e-10, 3630.78, 21.1, 3.63078e-09, 31048.1
HST_WFC3_F160W, photon, nm, 197, 1543.27, 1540.93, 1525.98, 24.6024, 1.44227e-10, 1142.33, 23.3469, 4.58411e-10, 3630.78, 21.1, 3.63078e-09, 28757.1
HST_WFC3_F164N, photon, nm, 296, 1727.85, 1718.13, 1628.71, 25.0058, 9.94656e-11, 979.413, 23.5832, 3.68729e-10, 3630.78, 21.1, 3.63078e-09, 35751.4
HST_WFC3_F167N, photon, nm, 207, 1689.65, 1684.05, 1618.6, 24.8931, 1.10344e-10, 1043.85, 23.5397, 3.83807e-10, 3630.78, 21.1, 3.63078e-09, 34346.8
HST_WFC3_F200LP, photon, nm, 458, 634.325, 568.08, 479.218, 21.7065, 2.07691e-09, 2235.71, 21.18, 3.37289e-09, 3630.78, 21.1, 3.63078e-09, 3908.39
HST_WFC3_F218W, photon, nm, 460, 218.929, 218.461, 217.599, 20.7959, 4.80454e-09, 764.852, 19.1048, 2.28073e-08, 3630.78, 21.1, 3.63078e-09, 577.997
HST_WFC3_F225W, photon, nm, 521, 235.034, 234.172, 232.687, 20.9155, 4.30331e-09, 787.14, 19.2556, 1.98496e-08, 3630.78, 21.1, 3.63078e-09, 664.124
HST_WFC3_F275W, photon, nm, 514, 272.206, 271.688, 271.733, 21.0691, 3.73563e-09, 919.779, 19.5783, 1.47462e-08, 3630.78, 21.1, 3.63078e-09, 893.962
HST_WFC3_F280N, photon, nm, 679, 285.5, 283.849, 286.818, 21.1114, 3.593e-09, 965.633, 19.6734, 1.35097e-08, 3630.78, 21.1, 3.63078e-09, 975.787
HST_WFC3_F300X, photon, nm, 600, 285.104, 283.099, 284.34, 21.079, 3.70182e-09, 989.627, 19.6676, 1.35814e-08, 3630.78, 21.1, 3.63078e-09, 970.636
HST_WFC3_F336W, photon, nm, 903, 336.6, 336.213, 335.921, 21.219, 3.25402e-09, 1226.95, 20.041, 9.62925e-09, 3630.78, 21.1, 3.63078e-09, 1369.01
HST_WFC3_F343N, photon, nm, 1335, 344.026, 343.909, 343.824, 21.2393, 3.1937e-09, 1259.97, 20.0902, 9.20307e-09, 3630.78, 21.1, 3.63078e-09, 1432.41
HST_WFC3_F350LP, photon, nm, 898, 718.72, 681.41, 561.601, 21.8171, 1.8757e-09, 2905.09, 21.575, 2.34425e-09, 3630.78, 21.1, 3.63078e-09, 5623.36
HST_WFC3_F373N, photon, nm, 1020, 373.015, 373.01, 373.128, 21.1588, 3.43932e-09, 1596.22, 20.2666, 7.82311e-09, 3630.78, 21.1, 3.63078e-09, 1685.08
HST_WFC3_F390M, photon, nm, 911, 389.549, 389.492, 390.194, 20.455, 6.57663e-09, 3327.97, 20.3604, 7.17503e-09, 3630.78, 21.1, 3.63078e-09, 1837.28
HST_WFC3_F390W, photon, nm, 906, 391.629, 390.576, 399.152, 20.6048, 5.72875e-09, 2915.07, 20.3665, 7.13527e-09, 3630.78, 21.1, 3.63078e-09, 1847.52
HST_WFC3_F395N, photon, nm, 1079, 395.491, 395.482, 395.209, 20.3607, 7.17321e-09, 3742.37, 20.3936, 6.95932e-09, 3630.78, 21.1, 3.63078e-09, 1894.23
HST_WFC3_F410M, photon, nm, 497, 411.238, 411.085, 410.753, 20.313, 7.49532e-09, 4225.06, 20.4776, 6.44107e-09, 3630.78, 21.1, 3.63078e-09, 2046.64
HST_WFC3_F438W, photon, nm, 902, 432.444, 431.992, 430.85, 20.427, 6.74858e-09, 4200.91, 20.5853, 5.8327e-09, 3630.78, 21.1, 3.63078e-09, 2260.11
HST_WFC3_F467M, photon, nm, 522, 468.383, 468.305, 467.999, 20.6006, 5.75131e-09, 4207.3, 20.7606, 4.96321e-09, 3630.78, 21.1, 3.63078e-09, 2656.06
HST_WFC3_F469N, photon, nm, 1004, 468.812, 468.808, 468.798, 20.6004, 5.75233e-09, 4217.09, 20.7629, 4.95257e-09, 3630.78, 21.1, 3.63078e-09, 2661.76
HST_WFC3_F475W, photon, nm, 908, 478.096, 476.198, 468.443, 20.693, 5.28201e-09, 3995.33, 20.7969, 4.80005e-09, 3630.78, 21.1, 3.63078e-09, 2746.34
HST_WFC3_F475X, photon, nm, 910, 496.617, 491.855, 475.124, 20.8138, 4.72567e-09, 3813.45, 20.8671, 4.49931e-09, 3630.78, 21.1, 3.63078e-09, 2929.91
HST_WFC3_F487N, photon, nm, 1031, 487.14, 487.136, 487.318, 21.0218, 3.90182e-09, 3088.49, 20.8462, 4.58692e-09, 3630.78, 21.1, 3.63078e-09, 2873.95
HST_WFC3_F502N, photon, nm, 1031, 500.969, 500.962, 500.942, 20.8146, 4.72259e-09, 3953.39, 20.907, 4.33721e-09, 3630.78, 21.1, 3.63078e-09, 3039.41
HST_WFC3_F547M, photon, nm, 1889, 545.251, 544.857, 542.931, 21.0873, 3.67343e-09, 3637.61, 21.0894, 3.66653e-09, 3630.78, 21.1, 3.63078e-09, 3595.38
HST_WFC3_F555W, photon, nm, 910, 533.824, 531.138, 518.882, 21.0067, 3.95664e-09, 3723.24, 21.034, 3.85838e-09, 3630.78, 21.1, 3.63078e-09, 3416.6
HST_WFC3_F600LP, photon, nm, 904, 854.88, 842.74, 787.831, 22.4554, 1.04193e-09, 2468.34, 22.0364, 1.53262e-09, 3630.78, 21.1, 3.63078e-09, 8601.35
HST_WFC3_F606W, photon, nm, 567, 594.674, 590.867, 572.807, 21.3501, 2.88377e-09, 3358.29, 21.2654, 3.11775e-09, 3630.78, 21.1, 3.63078e-09, 4228.23
HST_WFC3_F621M, photon, nm, 582, 622.157, 621.872, 620.322, 21.5226, 2.46013e-09, 3173.52, 21.3765, 2.81461e-09, 3630.78, 21.1, 3.63078e-09, 4683.62
HST_WFC3_F625W, photon, nm, 908, 627.248, 625.573, 616.86, 21.5398, 2.42151e-09, 3160.98, 21.3893, 2.78141e-09, 3630.78, 21.1, 3.63078e-09, 4739.53
HST_WFC3_F631N, photon, nm, 1006, 630.486, 630.469, 630.419, 21.564, 2.36808e-09, 3139.81, 21.4063, 2.73837e-09, 3630.78, 21.1, 3.63078e-09, 4814.01
HST_WFC3_F645N, photon, nm, 908, 645.406, 645.391, 645.326, 21.6466, 2.19455e-09, 3049.09, 21.4571, 2.61321e-09, 3630.78, 21.1, 3.63078e-09, 5044.59
HST_WFC3_F656N, photon, nm, 986, 656.156, 656.148, 656.005, 22.113, 1.4282e-09, 2051.02, 21.493, 2.52823e-09, 3630.78, 21.1, 3.63078e-09, 5214.14
HST_WFC3_F657N, photon, nm, 1214, 656.708, 656.695, 656.657, 21.8203, 1.87024e-09, 2690.32, 21.4948, 2.52402e-09, 3630.78, 21.1, 3.63078e-09, 5222.85
HST_WFC3_F658N, photon, nm, 577, 658.701, 658.569, 658.423, 21.8629, 1.79816e-09, 2601.42, 21.501, 2.50968e-09, 3630.78, 21.1, 3.63078e-09, 5252.69
HST_WFC3_F665N, photon, nm, 1255, 665.638, 665.626, 665.649, 21.7605, 1.97605e-09, 2920.36, 21.5241, 2.45675e-09, 3630.78, 21.1, 3.63078e-09, 5365.86
HST_WFC3_F673N, photon, nm, 1104, 676.64, 676.629, 676.573, 21.7986, 1.90797e-09, 2913.75, 21.5597, 2.3775e-09, 3630.78, 21.1, 3.63078e-09, 5544.73
HST_WFC3_F680N, photon, nm, 911, 688.144, 688.053, 687.59, 21.8538, 1.81335e-09, 2863.56, 21.5961, 2.2992e-09, 3630.78, 21.1, 3.63078e-09, 5733.54
HST_WFC3_F689M, photon, nm, 904, 689.108, 688.792, 687.732, 21.8757, 1.77718e-09, 2812.46, 21.5984, 2.29427e-09, 3630.78, 21.1, 3.63078e-09, 5745.87
HST_WFC3_F763M, photon, nm, 908, 764.192, 763.841, 761.99, 22.2058, 1.31129e-09, 2552.03, 21.823, 1.86558e-09, 3630.78, 21.1, 3.63078e-09, 7066.19
HST_WFC3_F775W, photon, nm, 906, 774.719, 773.511, 767.152, 22.2447, 1.26504e-09, 2524.74, 21.8503, 1.81923e-09, 3630.78, 21.1, 3.63078e-09, 7246.24
HST_WFC3_F814W, photon, nm, 911, 833.974, 830.697, 816.07, 22.4501, 1.04699e-09, 2409.94, 22.0052, 1.57738e-09, 3630.78, 21.1, 3.63078e-09, 8357.26
HST_WFC3_F845M, photon, nm, 910, 847.525, 847.121, 845.316, 22.5511, 9.54045e-10, 2283.7, 22.0477, 1.51681e-09, 3630.78, 21.1, 3.63078e-09, 8691
HST_WFC3_F850LP, photon, nm, 911, 978.556, 975.934, 964.11, 22.9241, 6.76666e-10, 2149.78, 22.3551, 1.14283e-09, 3630.78, 21.1, 3.63078e-09, 11535.1
HST_WFC3_F953N, photon, nm, 983, 953.293, 953.287, 953.079, 22.9204, 6.78953e-10, 2058.1, 22.3041, 1.19777e-09, 3630.78, 21.1, 3.63078e-09, 11005.9
HST_WFC3_FQ232N, photon, nm, 1576, 252.268, 246.905, 244.073, 20.9943, 4.00188e-09, 813.774, 19.3706, 1.7855e-08, 3630.78, 21.1, 3.63078e-09, 738.311
HST_WFC3_FQ243N, photon, nm, 1596, 253.181, 250.242, 249.488, 21.0401, 3.83678e-09, 801.428, 19.3997, 1.73821e-08, 3630.78, 21.1, 3.63078e-09, 758.4
HST_WFC3_FQ378N, photon, nm, 1871, 379.216, 379.202, 379.645, 20.7802, 4.87444e-09, 2338.01, 20.3023, 7.5697e-09, 3630.78, 21.1, 3.63078e-09, 1741.49
HST_WFC3_FQ387N, photon, nm, 1199, 387.358, 387.355, 387.128, 20.4211, 6.78497e-09, 3395.83, 20.3485, 7.2544e-09, 3630.78, 21.1, 3.63078e-09, 1817.18
HST_WFC3_FQ422M, photon, nm, 2611, 421.91, 421.893, 421.813, 20.2862, 7.6827e-09, 4561.4, 20.534, 6.11527e-09, 3630.78, 21.1, 3.63078e-09, 2155.68
HST_WFC3_FQ436N, photon, nm, 1532, 436.717, 436.711, 436.913, 20.5665, 5.93452e-09, 3775.32, 20.6089, 5.70732e-09, 3630.78, 21.1, 3.63078e-09, 2309.77
HST_WFC3_FQ437N, photon, nm, 968, 437.118, 437.108, 437.159, 20.4885, 6.37676e-09, 4064.03, 20.6109, 5.69695e-09, 3630.78, 21.1, 3.63078e-09, 2313.97
HST_WFC3_FQ492N, photon, nm, 2081, 493.352, 493.34, 493.43, 20.8021, 4.77698e-09, 3878.15, 20.8737, 4.47227e-09, 3630.78, 21.1, 3.63078e-09, 2947.62
HST_WFC3_FQ508N, photon, nm, 2221, 509.125, 509.107, 509.033, 20.865, 4.50799e-09, 3897.45, 20.942, 4.19955e-09, 3630.78, 21.1, 3.63078e-09, 3139.04
HST_WFC3_FQ575N, photon, nm, 1202, 575.88, 575.847, 575.749, 21.2666, 3.11441e-09, 3444.84, 21.2095, 3.28251e-09, 3630.78, 21.1, 3.63078e-09, 4016
HST_WFC3_FQ619N, photon, nm, 1882, 619.905, 619.888, 619.828, 21.5082, 2.49304e-09, 3195.48, 21.3695, 2.83265e-09, 3630.78, 21.1, 3.63078e-09, 4653.79
HST_WFC3_FQ634N, photon, nm, 1874, 634.963, 634.946, 634.886, 21.5902, 2.3116e-09, 3108.6, 21.4216, 2.69989e-09, 3630.78, 21.1, 3.63078e-09, 4882.62
HST_WFC3_FQ672N, photon, nm, 1211, 671.697, 671.668, 671.597, 21.7753, 1.94934e-09, 2933.44, 21.5437, 2.41274e-09, 3630.78, 21.1, 3.63078e-09, 5463.73
HST_WFC3_FQ674N, photon, nm, 1195, 673.147, 673.136, 673.138, 21.7823, 1.93671e-09, 2927.18, 21.5485, 2.40223e-09, 3630.78, 21.1, 3.63078e-09, 5487.63
HST_WFC3_FQ727N, photon, nm, 2124, 727.571, 727.555, 727.468, 22.0417, 1.52515e-09, 2692.92, 21.7173, 2.05631e-09, 3630.78, 21.1, 3.63078e-09, 6410.78
HST_WFC3_FQ750N, photon, nm, 1987, 750.293, 750.287, 750.262, 22.1466, 1.38468e-09, 2600.06, 21.7841, 1.93359e-09, 3630.78, 21.1, 3.63078e-09, 6817.65
HST_WFC3_FQ889N, photon, nm, 942, 889.402, 889.395, 889.54, 22.6673, 8.57225e-10, 2261.85, 22.1534, 1.37604e-09, 3630.78, 21.1, 3.63078e-09, 9580.08
HST_WFC3_FQ906N, photon, nm, 939, 905.964, 905.957, 906.106, 22.7004, 8.31433e-10, 2276.26, 22.1935, 1.32619e-09, 3630.78, 21.1, 3.63078e-09, 9940.19
HST_WFC3_FQ924N, photon, nm, 957, 924.885, 924.879, 925.035, 22.8274, 7.39691e-10, 2110.57, 22.2384, 1.27248e-09, 3630.78, 21.1, 3.63078e-09, 10359.7
HST_WFC3_FQ937N, photon, nm, 960, 937.409, 937.402, 937.385, 22.7265, 8.11735e-10, 2379.28, 22.2676, 1.23871e-09, 3630.78, 21.1, 3.63078e-09, 10642.2
HST_WFPC2_F170W, photon, nm, 922, 173.323, 171.713, 171.474, 20.5264, 6.15778e-09, 605.636, 18.582, 3.69158e-08, 3630.78, 21.1, 3.63078e-09, 357.098
HST_WFPC2_F218W, photon, nm, 10000, 221.2, 220.505, 218.997, 20.8166, 4.71375e-09, 764.509, 19.125, 2.23864e-08, 3630.78, 21.1, 3.63078e-09, 588.866
HST_WFPC2_F255W, photon, nm, 10000, 260.641, 260.067, 260.003, 21.0454, 3.81813e-09, 861.395, 19.4834, 1.60934e-08, 3630.78, 21.1, 3.63078e-09, 819.127
HST_WFPC2_F300W, photon, nm, 10000, 301.511, 299.431, 299.696, 21.1216, 3.55921e-09, 1064.46, 19.7894, 1.21402e-08, 3630.78, 21.1, 3.63078e-09, 1085.86
HST_WFPC2_F336W, photon, nm, 10000, 336.828, 335.911, 335.191, 21.2175, 3.25841e-09, 1226.4, 20.0391, 9.64656e-09, 3630.78, 21.1, 3.63078e-09, 1366.56
HST_WFPC2_F439W, photon, nm, 10000, 431.642, 431.164, 430.076, 20.4287, 6.73803e-09, 4178.27, 20.5812, 5.85513e-09, 3630.78, 21.1, 3.63078e-09, 2251.46
HST_WFPC2_F450W, photon, nm, 10000, 457.322, 455.557, 451.32, 20.6092, 5.70575e-09, 3949.82, 20.7007, 5.24488e-09, 3630.78, 21.1, 3.63078e-09, 2513.42
HST_WFPC2_F555W, photon, nm, 10000, 546.464, 543.905, 531.884, 21.0815, 3.69334e-09, 3644.56, 21.0856, 3.67938e-09, 3630.78, 21.1, 3.63078e-09, 3582.82
HST_WFPC2_F606W, photon, nm, 10000, 603.085, 599.683, 582.851, 21.3965, 2.76322e-09, 3314.65, 21.2976, 3.02676e-09, 3630.78, 21.1, 3.63078e-09, 4355.34
HST_WFPC2_F622W, photon, nm, 10000, 619.863, 618.63, 612.037, 21.5064, 2.4971e-09, 3187.7, 21.3651, 2.84419e-09, 3630.78, 21.1, 3.63078e-09, 4634.92
HST_WFPC2_F675W, photon, nm, 10000, 672.758, 671.739, 666.705, 21.7836, 1.93449e-09, 2911.7, 21.544, 2.41224e-09, 3630.78, 21.1, 3.63078e-09, 5464.88
HST_WFPC2_F791W, photon, nm, 10000, 789.844, 788.059, 779.341, 22.3014, 1.20069e-09, 2487.3, 21.8907, 1.75268e-09, 3630.78, 21.1, 3.63078e-09, 7521.37
HST_WFPC2_F814W, photon, nm, 10000, 804.03, 801.222, 788.725, 22.3435, 1.15508e-09, 2473.41, 21.9267, 1.69557e-09, 3630.78, 21.1, 3.63078e-09, 7774.73
HST_WFPC2_F850LP, photon, nm, 10000, 913.979, 912.879, 909.256, 22.7287, 8.10078e-10, 2251.81, 22.21, 1.30615e-09, 3630.78, 21.1, 3.63078e-09, 10092.7
JWST_NIRCAM_F070W, photon, nm, 2050, 706.178, 704.322, 695.595, 21.9339, 1.68436e-09, 2787.12, 21.6468, 2.19421e-09, 3630.78, 21.1, 3.63078e-09, 6007.88
JWST_NIRCAM_F090W, photon, nm, 2049, 904.442, 902.308, 894.511, 22.6961, 8.34775e-10, 2267.03, 22.1847, 1.33694e-09, 3630.78, 21.1, 3.63078e-09, 9860.26
JWST_NIRCAM_F115W, photon, nm, 2049, 1157.06, 1154.31, 1137.97, 23.4968, 3.99291e-10, 1774.64, 22.7196, 8.16919e-10, 3630.78, 21.1, 3.63078e-09, 16136.9
JWST_NIRCAM_F140M, photon, nm, 2051, 1406.07, 1405.35, 1400.96, 24.2499, 1.99537e-10, 1314.54, 23.1469, 5.51124e-10, 3630.78, 21.1, 3.63078e-09, 23919.4
JWST_NIRCAM_F150W, photon, nm, 2048, 1504.01, 1500.76, 1480.88, 24.4949, 1.59241e-10, 1196.35, 23.2895, 4.83279e-10, 3630.78, 21.1, 3.63078e-09, 27277.3
JWST_NIRCAM_F150W2, photon, nm, 2049, 1703.86, 1658.82, 1399.14, 24.7334, 1.27834e-10, 1173.34, 23.5069, 3.95569e-10, 3630.78, 21.1, 3.63078e-09, 33325.6
JWST_NIRCAM_F162M, photon, nm, 2051, 1628.06, 1627.26, 1622.76, 24.817, 1.18363e-10, 1045.46, 23.4652, 4.11063e-10, 3630.78, 21.1, 3.63078e-09, 32069.4
JWST_NIRCAM_F164N, photon, nm, 2051, 1644.62, 1644.59, 1644.59, 24.8801, 1.11676e-10, 1007.52, 23.4882, 4.02444e-10, 3630.78, 21.1, 3.63078e-09, 32756.2
JWST_NIRCAM_F182M, photon, nm, 2051, 1846.59, 1845.17, 1836.03, 25.296, 7.61371e-11, 864.663, 23.7381, 3.19705e-10, 3630.78, 21.1, 3.63078e-09, 41233.6
JWST_NIRCAM_F187N, photon, nm, 2047, 1873.92, 1873.89, 1873.55, 25.3957, 6.94548e-11, 813.522, 23.7717, 3.09979e-10, 3630.78, 21.1, 3.63078e-09, 42527.2
JWST_NIRCAM_F200W, photon, nm, 2048, 1993.39, 1988.64, 1958.7, 25.5767, 5.87924e-11, 775.558, 23.9007, 2.75237e-10, 3630.78, 21.1, 3.63078e-09, 47895.3
JWST_NIRCAM_F210M, photon, nm, 2051, 2096.37, 2095.45, 2089, 25.7947, 4.80986e-11, 704.475, 24.0143, 2.47895e-10, 3630.78, 21.1, 3.63078e-09, 53178.1
JWST_NIRCAM_F212N, photon, nm, 2049, 2121.25, 2121.19, 2120.41, 25.8419, 4.60511e-11, 691.161, 24.0408, 2.41914e-10, 3630.78, 21.1, 3.63078e-09, 54492.8
JWST_NIRCAM_F250M, photon, nm, 2535, 2504.11, 2503.48, 2499.51, 26.5172, 2.47252e-11, 516.902, 24.4007, 1.73673e-10, 3630.78, 21.1, 3.63078e-09, 75904.6
JWST_NIRCAM_F277W, photon, nm, 2535, 2769.49, 2761.87, 2713.18, 26.9031, 1.73279e-11, 440.892, 24.614, 1.42697e-10, 3630.78, 21.1, 3.63078e-09, 92381.8
JWST_NIRCAM_F300M, photon, nm, 2236, 2990.91, 2989.25, 2978.64, 27.2389, 1.27181e-11, 379.076, 24.7858, 1.21813e-10, 3630.78, 21.1, 3.63078e-09, 108219
JWST_NIRCAM_F322W2, photon, nm, 2236, 3266.8, 3232, 3007.38, 27.4883, 1.01082e-11, 352.206, 24.9553, 1.04202e-10, 3630.78, 21.1, 3.63078e-09, 126509
JWST_NIRCAM_F323N, photon, nm, 2236, 3236.96, 3236.92, 3236.66, 27.5648, 9.42032e-12, 329.237, 24.9586, 1.03886e-10, 3630.78, 21.1, 3.63078e-09, 126895
JWST_NIRCAM_F335M, photon, nm, 2236, 3364.01, 3362.17, 3350.22, 27.7229, 8.14435e-12, 307.097, 25.041, 9.62899e-11, 3630.78, 21.1, 3.63078e-09, 136905
JWST_NIRCAM_F356W, photon, nm, 2157, 3576.81, 3568.38, 3511.92, 27.9572, 6.56351e-12, 278.778, 25.1703, 8.54827e-11, 3630.78, 21.1, 3.63078e-09, 154213
JWST_NIRCAM_F360M, photon, nm, 2236, 3626.12, 3624.23, 3611.05, 28.0357, 6.10557e-12, 267.508, 25.204, 8.28685e-11, 3630.78, 21.1, 3.63078e-09, 159078
JWST_NIRCAM_F405N, photon, nm, 2238, 4051.76, 4051.72, 4051.57, 28.5277, 3.88087e-12, 212.514, 25.4461, 6.63042e-11, 3630.78, 21.1, 3.63078e-09, 198819
JWST_NIRCAM_F410M, photon, nm, 2236, 4084.38, 4082.23, 4067.97, 28.5348, 3.85541e-12, 214.311, 25.4624, 6.53168e-11, 3630.78, 21.1, 3.63078e-09, 201825
JWST_NIRCAM_F430M, photon, nm, 2157, 4281.77, 4281.2, 4277.17, 28.7364, 3.20209e-12, 195.769, 25.5658, 5.93868e-11, 3630.78, 21.1, 3.63078e-09, 221978
JWST_NIRCAM_F444W, photon, nm, 2236, 4415.86, 4404.16, 4327.24, 28.8358, 2.92187e-12, 189.045, 25.6273, 5.6117e-11, 3630.78, 21.1, 3.63078e-09, 234912
JWST_NIRCAM_F460M, photon, nm, 2236, 4630.24, 4629.63, 4624.35, 29.0688, 2.35769e-12, 168.562, 25.7357, 5.07842e-11, 3630.78, 21.1, 3.63078e-09, 259580
JWST_NIRCAM_F466N, photon, nm, 2236, 4654.44, 4654.41, 4653.92, 29.1233, 2.2423e-12, 162.032, 25.7473, 5.02449e-11, 3630.78, 21.1, 3.63078e-09, 262366
JWST_NIRCAM_F470N, photon, nm, 2238, 4707.77, 4707.74, 4707.63, 29.1363, 2.2156e-12, 163.793, 25.772, 4.9113e-11, 3630.78, 21.1, 3.63078e-09, 268413
JWST_NIRCAM_F480M, photon, nm, 2236, 4818.97, 4817.83, 4809.11, 29.2297, 2.03284e-12, 157.393, 25.8222, 4.68941e-11, 3630.78, 21.1, 3.63078e-09, 281113
KEPLER_Kp, energy, nm, 623, 641.684, 608.207, 578.121, 21.4133, 2.72069e-09, 3357.08, 21.3282, 2.94251e-09, 3630.78, 21.1, 3.63078e-09, 4480.04
NGTS_I, energy, nm, 1000, 703.021, 680.125, 656.946, 21.7867, 1.92888e-09, 2976.2, 21.5709, 2.35311e-09, 3630.78, 21.1, 3.63078e-09, 5602.18
PS1_g, photon, nm, 177, 486.646, 484.912, 477.562, 20.7434, 5.0426e-09, 3955.11, 20.8363, 4.62909e-09, 3630.78, 21.1, 3.63078e-09, 2847.77
PS1_i, photon, nm, 179, 754.457, 753.496, 748.457, 22.1565, 1.37213e-09, 2598.58, 21.7934, 1.91716e-09, 3630.78, 21.1, 3.63078e-09, 6876.08
PS1_r, photon, nm, 185, 621.462, 620.119, 612.95, 21.5138, 2.4802e-09, 3181.37, 21.3703, 2.83055e-09, 3630.78, 21.1, 3.63078e-09, 4657.24
PS1_w, photon, nm, 472, 638.935, 628.596, 577.514, 21.5237, 2.45769e-09, 3239.29, 21.3998, 2.75472e-09, 3630.78, 21.1, 3.63078e-09, 4785.45
PS1_y, photon, nm, 204, 963.326, 962.774, 960.304, 22.8645, 7.14844e-10, 2210.24, 22.3256, 1.17428e-09, 3630.78, 21.1, 3.63078e-09, 11226.1
PS1_z, photon, nm, 166, 867.948, 867.418, 865.78, 22.6061, 9.06871e-10, 2276.05, 22.0991, 1.44665e-09, 3630.78, 21.1, 3.63078e-09, 9112.47
SDSS_g, photon, nm, 89, 471.887, 470.25, 464.042, 20.6631, 5.42965e-09, 4005.05, 20.7696, 4.92225e-09, 3630.78, 21.1, 3.63078e-09, 2678.16
SDSS_i, photon, nm, 89, 749.97, 748.998, 743.95, 22.1361, 1.39812e-09, 2616.28, 21.7804, 1.94026e-09, 3630.78, 21.1, 3.63078e-09, 6794.23
SDSS_r, photon, nm, 75, 618.519, 617.558, 612.233, 21.5037, 2.50325e-09, 3184.48, 21.3613, 2.85407e-09, 3630.78, 21.1, 3.63078e-09, 4618.86
SDSS_u, photon, nm, 47, 356.179, 355.652, 359.493, 21.0876, 3.67248e-09, 1549.49, 20.1631, 8.60536e-09, 3630.78, 21.1, 3.63078e-09, 1531.9
SDSS_z, photon, nm, 141, 896.149, 894.671, 889.706, 22.6841, 8.44006e-10, 2253.47, 22.1663, 1.35986e-09, 3630.78, 21.1, 3.63078e-09, 9694.07
SPITZER_IRAC_36, photon, nm, 505, 3563.43, 3556.93, 3513.43, 27.9484, 6.6167e-12, 279.235, 25.1633, 8.60341e-11, 3630.78, 21.1, 3.63078e-09, 153225
SPITZER_IRAC_45, photon, nm, 417, 4511.01, 4502.02, 4442.57, 28.9331, 2.67157e-12, 180.618, 25.675, 5.37039e-11, 3630.78, 21.1, 3.63078e-09, 245468
SPITZER_IRAC_58, photon, nm, 370, 5759.34, 5745.04, 5647.34, 29.9551, 1.04225e-12, 114.746, 26.2044, 3.29788e-11, 3630.78, 21.1, 3.63078e-09, 399729
SPITZER_IRAC_80, photon, nm, 421, 7959.49, 7915.77, 7617.14, 31.292, 3.04242e-13, 63.5894, 26.9004, 1.73714e-11, 3630.78, 21.1, 3.63078e-09, 758866
STROMGREN_b, energy, nm, 30, 466.901, 466.625, 466.326, 20.5982, 5.76409e-09, 4186.44, 20.7528, 4.99903e-09, 3630.78, 21.1, 3.63078e-09, 2637.03
STROMGREN_u, energy, nm, 28, 345.056, 344.36, 344.751, 21.2378, 3.1979e-09, 1264.94, 20.093, 9.17901e-09, 3630.78, 21.1, 3.63078e-09, 1436.16
STROMGREN_v, energy, nm, 35, 410.94, 410.546, 411.037, 20.3407, 7.30638e-09, 4107.76, 20.4748, 6.45798e-09, 3630.78, 21.1, 3.63078e-09, 2041.28
STROMGREN_y, energy, nm, 30, 547.803, 547.517, 547.242, 21.1052, 3.61327e-09, 3613.06, 21.0999, 3.63099e-09, 3630.78, 21.1, 3.63078e-09, 3630.57
SkyMapper_g, photon, nm, 55, 509.944, 507.519, 496.846, 20.873, 4.47525e-09, 3845.05, 20.9352, 4.22586e-09, 3630.78, 21.1, 3.63078e-09, 3119.5
SkyMapper_i, photon, nm, 41, 777.837, 776.798, 771.294, 22.2603, 1.24709e-09, 2510.11, 21.8595, 1.80387e-09, 3630.78, 21.1, 3.63078e-09, 7307.94
SkyMapper_r, photon, nm, 51, 615.728, 613.844, 604.006, 21.4759, 2.56828e-09, 3228.03, 21.3482, 2.88871e-09, 3630.78, 21.1, 3.63078e-09, 4563.47
SkyMapper_u, photon, nm, 19, 349.662, 349.336, 349.815, 21.2251, 3.2355e-09, 1317.06, 20.1242, 8.91937e-09, 3630.78, 21.1, 3.63078e-09, 1477.97
SkyMapper_v, photon, nm, 16, 383.771, 383.593, 387.093, 20.6307, 5.59377e-09, 2745.52, 20.3273, 7.39741e-09, 3630.78, 21.1, 3.63078e-09, 1782.05
SkyMapper_z, photon, nm, 51, 916.171, 914.599, 909.15, 22.7399, 8.01749e-10, 2237.07, 22.2141, 1.30124e-09, 3630.78, 21.1, 3.63078e-09, 10130.7
TESS, energy, nm, 561, 797.236, 769.76, 745.565, 22.1815, 1.34093e-09, 2650.31, 21.8397, 1.837e-09, 3630.78, 21.1, 3.63078e-09, 7176.13
TYCHO_B_MvB, energy, nm, 99, 422.039, 419.496, 421.976, 20.453, 6.58862e-09, 3867.49, 20.5216, 6.18536e-09, 3630.78, 21.1, 3.63078e-09, 2131.25
TYCHO_V_MvB, energy, nm, 99, 535.217, 530.019, 525.801, 21.0097, 3.94573e-09, 3697.34, 21.0294, 3.8747e-09, 3630.78, 21.1, 3.63078e-09, 3402.21
WISE_RSR_W1, photon, nm, 398, 3379.19, 3368.22, 3292.18, 27.7104, 8.23818e-12, 311.755, 25.045, 9.59442e-11, 3630.78, 21.1, 3.63078e-09, 137398
WISE_RSR_W2, photon, nm, 548, 4629.3, 4617.91, 4542.39, 29.0354, 2.43139e-12, 172.952, 25.7302, 5.10422e-11, 3630.78, 21.1, 3.63078e-09, 258268
WISE_RSR_W3, photon, nm, 2559, 12333.8, 12073, 10302.2, 32.9564, 6.56818e-14, 31.9342, 27.817, 7.46773e-12, 3630.78, 21.1, 3.63078e-09, 1.76527e+06
WISE_RSR_W4, photon, nm, 2559, 22253.2, 22194.3, 21810.3, 35.7538, 4.99456e-15, 8.20653, 29.1392, 2.20972e-12, 3630.78, 21.1, 3.63078e-09, 5.96571e+06
ZTF_g, photon, nm, 2593, 480.482, 478.945, 472.281, 20.7023, 5.23697e-09, 4007.09, 20.8094, 4.74515e-09, 3630.78, 21.1, 3.63078e-09, 2778.11
ZTF_i, photon, nm, 4001, 796.822, 795.493, 788.607, 22.3413, 1.15744e-09, 2443.16, 21.9111, 1.72008e-09, 3630.78, 21.1, 3.63078e-09, 7663.94
ZTF_r, photon, nm, 3201, 643.692, 642.117, 633.959, 21.627, 2.23461e-09, 3073.33, 21.446, 2.63993e-09, 3630.78, 21.1, 3.63078e-09, 4993.52
